code,name,activity,days,start_time,end_time,room,section,teacher
101201,مواد سنية (1),نظري,الأحد,12:00 PM,2:00 PM,6121,1,د. صفوح البني
101201,مواد سنية (1),عملي,السبت,8:00 AM,12:00 PM,مخبر3,1,ه.ت
101201,مواد سنية (1),عملي,السبت,12:00 PM,4:00 PM,مخبر3,2,ه.ت
101202,مواد سنية (2),نظري,الاثنين,8:00 AM,10:00 AM,6121,1,ه.ت
101202,مواد سنية (2),عملي,السبت,8:00 AM,12:00 PM,مخبر4,1,ه.ت
101202,مواد سنية (2),عملي,الثلاثاء,8:00 AM,12:00 PM,مخبر4,2,ه.ت
101221,طب الأسنان الوقائي,نظري,الثلاثاء,12:00 PM,2:00 PM,6120,1,د. نغم خوري
101221,طب الأسنان الوقائي,عملي,الأحد,8:00 AM,12:00 PM,مخبر شمع,1,ه.ت
101221,طب الأسنان الوقائي,عملي,الاثنين,8:00 AM,12:00 PM,مخبر شمع,2,ه.ت
101231,علم الأشعة السنية,نظري,السبت,12:00 PM,2:00 PM,6127,1,د. محمد يحيى سالم ركاب
101231,علم الأشعة السنية,عملي,الاثنين,8:00 AM,12:00 PM,مخبر3,1,ه.ت
101231,علم الأشعة السنية,عملي,الاثنين,12:00 PM,4:00 PM,مخبر3,2,ه.ت
101234,مداواة الأسنان المحافظة (1),نظري,الأحد,12:00 PM,4:00 PM,6119,1,د. رنا الحج حسين
101234,مداواة الأسنان المحافظة (1),عملي,الأحد,8:00 AM,12:00 PM,مخبر6,1,ه.ت
101234,مداواة الأسنان المحافظة (1),عملي,الاثنين,12:00 PM,4:00 PM,مخبر6,2,ه.ت
101241,التعويضات الثابتة (1),نظري,الثلاثاء,8:00 AM,12:00 PM,6126,1,ه.ت
101241,التعويضات الثابتة (1),عملي,الأحد,8:00 AM,12:00 PM,مخبر4,1,ه.ت
101241,التعويضات الثابتة (1),عملي,الاثنين,12:00 PM,4:00 PM,مخبر4,2,ه.ت
101292,قوانين وأخلاقيات ممارسة طب الأسنان,نظري,السبت,10:00 AM,12:00 PM,6126,1,د. محمود عبد الحق
101334,مداواة الأسنان المحافظة (2),نظري,السبت,12:00 PM,4:00 PM,6119,1,د.كنده ليوس
101334,مداواة الأسنان المحافظة (2),عملي,الأحد,12:00 PM,4:00 PM,مخبر6,1,ه.ت
101334,مداواة الأسنان المحافظة (2),عملي,الاثنين,8:00 AM,12:00 PM,مخبر6,2,ه.ت
101343,التعويضات الثابتة (2 ),نظري,السبت,12:00 PM,4:00 PM,6128,1,د. شذى قنوت
101343,التعويضات الثابتة (2 ),عملي,الأحد,12:00 PM,4:00 PM,مخبر4,1,ه.ت
101343,التعويضات الثابتة (2 ),عملي,الاثنين,8:00 AM,12:00 PM,مخبر4,2,ه.ت
101344,التعويضات السنية الجزئية المتحركة (1),نظري,الأحد,8:00 AM,12:00 PM,6130,1,د. نيرمين زريق
101344,التعويضات السنية الجزئية المتحركة (1),عملي,السبت,8:00 AM,12:00 PM,مخبر7,1,ه.ت
101344,التعويضات السنية الجزئية المتحركة (1),عملي,السبت,12:00 PM,4:00 PM,مخبر7,2,ه.ت
101361,علم الإطباق السني,نظري,الثلاثاء,8:00 AM,10:00 AM,6124,1,د.علياء الشلاح
101362,تقويم الأسنان (1),نظري,الثلاثاء,12:00 PM,4:00 PM,6124,1,د.علياء الشلاح
101362,تقويم الأسنان (1),عملي,الأحد,8:00 AM,12:00 PM,مخبر3,1,ه.ت
101362,تقويم الأسنان (1),عملي,الاثنين,12:00 PM,4:00 PM,مخبر7,2,ه.ت
101371,امراض النسج حول السنية (1),نظري,الاثنين,8:00 AM,12:00 PM,6127,1,د. اوس دنان
101371,امراض النسج حول السنية (1),عملي,السبت,8:00 AM,12:00 PM,مخبر6,1,ه.ت
101371,امراض النسج حول السنية (1),عملي,السبت,12:00 PM,4:00 PM,مخبر6,2,ه.ت
101381,التخدير و القلع (1),نظري,الاثنين,8:00 AM,12:00 PM,6124,1,د. هيثم بحاح
101381,التخدير و القلع (1),عملي,الأحد,12:00 PM,4:00 PM,مخبر شمع,1,ه.ت
101381,التخدير و القلع (1),عملي,الاثنين,12:00 PM,4:00 PM,مخبر شمع,2,ه.ت
101431,مداواة الأسنان اللبية (1),عملي,الثلاثاء,8:00 AM,12:00 PM,مخبر3,1,ه.ت
101431,مداواة الأسنان اللبية (1),نظري,السبت,8:00 AM,12:00 PM,6119,1,د.كنده ليوس
101431,مداواة الأسنان اللبية (1),عملي,الثلاثاء,12:00 PM,4:00 PM,مخبر3,2,ه.ت
101435,مداواة الأسنان المحافظة (3),نظري,الاثنين,12:00 PM,4:00 PM,6126,1,د.موفق البوبس
101435,مداواة الأسنان المحافظة (3),عملي,الأحد,12:00 PM,4:00 PM,عيادة 6 م,1,ه.ت
101435,مداواة الأسنان المحافظة (3),عملي,الثلاثاء,8:00 AM,12:00 PM,عيادة 6 م,2,د. عماد الصابوني
101436,مداواة الأسنان اللبية (2),عملي,الثلاثاء / السبت,8:00 AM,12:00 PM,مخبر5,1,ه.ت
101436,مداواة الأسنان اللبية (2),نظري,الأحد,8:00 AM,12:00 PM,6119,1,د. عمار عيد
101436,مداواة الأسنان اللبية (2),عملي,الثلاثاء / السبت,12:00 PM,4:00 PM,مخبر5,2,ه.ت
101441,التعويضات السنية الجزئية المتحركة(2),نظري,الاثنين,8:00 AM,12:00 PM,6125,1,د. نورا زيدان
101441,التعويضات السنية الجزئية المتحركة(2),عملي,الأحد,12:00 PM,4:00 PM,عيادة 2ص,1,ه.ت
101441,التعويضات السنية الجزئية المتحركة(2),عملي,الثلاثاء,12:00 PM,4:00 PM,عيادة 2ص,2,ه.ت
101442,التعويضات السنية الكاملة المتحركة (1),نظري,السبت,8:00 AM,12:00 PM,6124,1,د. غسان وزير
101442,التعويضات السنية الكاملة المتحركة (1),عملي,الاثنين,8:00 AM,12:00 PM,عيادة 2ص,1,ه.ت
101442,التعويضات السنية الكاملة المتحركة (1),عملي,الثلاثاء,8:00 AM,12:00 PM,عيادة 2ص,2,ه.ت
101443,التعويضات الثابتة (3),نظري,الاثنين,8:00 AM,12:00 PM,6120,1,د.ناصر القبق
101443,التعويضات الثابتة (3),عملي,السبت,8:00 AM,12:00 PM,عيادة 4 ث,1,ه.ت
101443,التعويضات الثابتة (3),عملي,الاثنين,12:00 PM,4:00 PM,عيادة 4 ث,2,ه.ت
101453,طب الفم (1),نظري,الثلاثاء,8:00 AM,10:00 AM,6038,1,د. نسيم يوسف
101457,طب الفم (1) عملي,عملي,السبت,8:00 AM,12:00 PM,عيادة 8,1,ه.ت
101457,طب الفم (1) عملي,عملي,الاثنين,12:00 PM,4:00 PM,عيادة 8,2,ه.ت
101461,تقويم الأسنان (2),نظري,الثلاثاء,12:00 PM,4:00 PM,6119,1,د. محمد خونده
101461,تقويم الأسنان (2),عملي,الأحد,12:00 PM,4:00 PM,مخبر3,1,ه.ت
101461,تقويم الأسنان (2),عملي,الاثنين,8:00 AM,12:00 PM,مخبر7,2,ه.ت
101472,طب أسنان الأطفال (1),نظري,السبت,8:00 AM,12:00 PM,6128,1,د.ليليان أزرق
101472,طب أسنان الأطفال (1),عملي,السبت,12:00 PM,4:00 PM,عيادة 7 ط,1,ه.ت
101472,طب أسنان الأطفال (1),عملي,الأحد,8:00 AM,12:00 PM,عيادة 7 ط,2,ه.ت
101473,أمراض النسج حول السنية (2),نظري,السبت,10:00 AM,2:00 PM,6129,1,د. رويدا صايمة
101473,أمراض النسج حول السنية (2),عملي,الثلاثاء,8:00 AM,12:00 PM,عيادة 3 ح,1,ه.ت
101473,أمراض النسج حول السنية (2),عملي,الثلاثاء,12:00 PM,4:00 PM,عيادة 3 ح,2,ه.ت
101483,التخدير و القلع (2),نظري,السبت,8:00 AM,12:00 PM,6022,1,د. مازن زيناتي
101483,التخدير و القلع (2),عملي,السبت,12:00 PM,4:00 PM,عيادة 9,1,ه.ت
101483,التخدير و القلع (2),عملي,الاثنين,8:00 AM,12:00 PM,عيادة 9,2,ه.ت
101484,التخدير و القلع (3),نظري,الثلاثاء,8:00 AM,12:00 PM,6119,1,د.محمد المقداد
101484,التخدير و القلع (3),عملي,السبت,8:00 AM,12:00 PM,عيادة 9,1,ه.ت
101484,التخدير و القلع (3),عملي,الأحد,12:00 PM,4:00 PM,عيادة 9,2,ه.ت
101521,التشخيص الشعاعي,نظري,السبت,8:00 AM,12:00 PM,6127,1,د. محمد يحيى سالم ركاب
101521,التشخيص الشعاعي,عملي,الثلاثاء,8:00 AM,12:00 PM,مخبر شمع,1,ه.ت
101521,التشخيص الشعاعي,عملي,الثلاثاء,12:00 PM,4:00 PM,مخبر شمع,2,ه.ت
101535,مداواة الأسنان المحافظة (4),عملي,الاثنين,8:00 AM,12:00 PM,عيادة 6 م,1,ه.ت
101535,مداواة الأسنان المحافظة (4),عملي,الاثنين,12:00 PM,4:00 PM,عيادة 6 م,2,ه.ت
101535,مداواة الأسنان المحافظة (4),عملي,الثلاثاء,12:00 PM,4:00 PM,عيادة 6 م,3,ه.ت
101536,مداواة الأسنان اللبية (3),نظري,الأحد,8:00 AM,12:00 PM,6121,1,د. صفوح البني
101536,مداواة الأسنان اللبية (3),عملي,الاثنين / السبت,8:00 AM,12:00 PM,عيادة 5 ل,1,ه.ت
101536,مداواة الأسنان اللبية (3),عملي,الاثنين / السبت,12:00 PM,4:00 PM,عيادة 5 ل,2,ه.ت
101537,مداواة الأسنان اللبية (4),عملي,الأحد,8:00 AM,12:00 PM,عيادة 6 م,1,ه.ت
101537,مداواة الأسنان اللبية (4),عملي,الثلاثاء,12:00 PM,4:00 PM,عيادة 5 ل,2,ه.ت
101537,مداواة الأسنان اللبية (4),عملي,الثلاثاء,8:00 AM,12:00 PM,عيادة 5 ل,3,ه.ت
101544,التعويضات الثابتة (4),نظري,الاثنين,12:00 PM,4:00 PM,6120,1,د.ناصر القبق
101544,التعويضات الثابتة (4),عملي,السبت,12:00 PM,4:00 PM,عيادة 4 ث,1,ه.ت
101544,التعويضات الثابتة (4),عملي,الأحد,8:00 AM,12:00 PM,عيادة 4 ث,2,ه.ت
101545,التعويضات الثابتة (5),عملي,الاثنين,8:00 AM,12:00 PM,عيادة 4 ث,1,ه.ت
101545,التعويضات الثابتة (5),عملي,الثلاثاء,12:00 PM,4:00 PM,عيادة 4 ث,2,ه.ت
101546,التعويضات السنية الكاملة المتحركة (2),نظري,السبت,12:00 PM,4:00 PM,6124,1,د. غسان وزير
101546,التعويضات السنية الكاملة المتحركة (2),عملي,الأحد,8:00 AM,12:00 PM,عيادة 2ص,1,ه.ت
101546,التعويضات السنية الكاملة المتحركة (2),عملي,الاثنين,12:00 PM,4:00 PM,عيادة 2ص,2,ه.ت
101556,طب الفم (2) عملي,عملي,الاثنين,8:00 AM,12:00 PM,عيادة 8,1,ه.ت
101556,طب الفم (2) عملي,عملي,الأحد,8:00 AM,12:00 PM,عيادة 8,2,ه.ت
101557,طب الفم (2),نظري,السبت,12:00 PM,2:00 PM,6126,1,د. محمود عبد الحق
101571,طب أسنان الأطفال (2),نظري,السبت,8:00 AM,12:00 PM,6125,1,د.مهند لفلوف
101571,طب أسنان الأطفال (2),عملي,الثلاثاء,8:00 AM,12:00 PM,عيادة 7 ط,1,ه.ت
101571,طب أسنان الأطفال (2),عملي,الأحد,12:00 PM,4:00 PM,عيادة 7 ط,2,ه.ت
101573,زراعة الأسنان,نظري,الاثنين,2:00 PM,4:00 PM,6119,1,د. غسان البسيط
101573,زراعة الأسنان,عملي,الثلاثاء,8:00 AM,12:00 PM,مخبر7,1,ه.ت
101573,زراعة الأسنان,عملي,الثلاثاء,12:00 PM,4:00 PM,مخبر7,2,ه.ت
101574,امراض النسج حول السنية (3),نظري,الاثنين,8:00 AM,12:00 PM,6129,1,د.محمد عاطف درويش
101574,امراض النسج حول السنية (3),عملي,السبت,8:00 AM,12:00 PM,عيادة 3 ح,1,ه.ت
101574,امراض النسج حول السنية (3),عملي,السبت,12:00 PM,4:00 PM,عيادة 3 ح,2,ه.ت
101575,أمراض النسج حول السنية (4),عملي,الأحد,8:00 AM,12:00 PM,عيادة 3 ح,1,ه.ت
101575,أمراض النسج حول السنية (4),عملي,الأحد,12:00 PM,4:00 PM,عيادة 3 ح,2,ه.ت
101575,أمراض النسج حول السنية (4),عملي,الاثنين,8:00 AM,12:00 PM,عيادة 3 ح,3,ه.ت
101585,إعادة تأهيل الفم,نظري,الاثنين,12:00 PM,2:00 PM,6119,1,د. غسان البسيط
101585,إعادة تأهيل الفم,عملي,الأحد,12:00 PM,4:00 PM,عيادة 4 ث,1,ه.ت
101585,إعادة تأهيل الفم,عملي,الثلاثاء,8:00 AM,12:00 PM,عيادة 4 ث,2,ه.ت
101586,جراحة الفم و الوجه و الفكين,نظري,السبت,8:00 AM,2:00 PM,6121,1,د. خلدون درويش
101586,جراحة الفم و الوجه و الفكين,عملي,الأحد,8:00 AM,12:00 PM,عيادة 9,1,ه.ت
101586,جراحة الفم و الوجه و الفكين,نظري,الاثنين,8:00 AM,2:00 PM,6118,2,د.محمد المقداد
101586,جراحة الفم و الوجه و الفكين,عملي,الاثنين,12:00 PM,4:00 PM,عيادة 9,2,ه.ت
101586,جراحة الفم و الوجه و الفكين,عملي,الثلاثاء,8:00 AM,12:00 PM,عيادة 9,3,ه.ت
101586,جراحة الفم و الوجه و الفكين,عملي,الثلاثاء,12:00 PM,4:00 PM,عيادة 9,4,ه.ت
201102,علم الحياة الجزيئية,عملي,الأحد,8:00 AM,12:00 PM,7224 م أحياء,1,ه.ت
201102,علم الحياة الجزيئية,نظري,السبت,8:00 AM,12:00 PM,8211,1,د.نزار عيسى
201102,علم الحياة الجزيئية,عملي,الأحد,12:00 PM,4:00 PM,7224 م أحياء,2,ه.ت
201123,كيمياء عضوية نظري,نظري,السبت,8:00 AM,12:00 PM,7013,1,د.حياة طبيخ
201127,كيمياء عضوية عملي,عملي,الاثنين,8:00 AM,12:00 PM,7226 م كيمياء,1,ه.ت
201127,كيمياء عضوية عملي,عملي,الاثنين,12:00 PM,4:00 PM,7226 م كيمياء,2,ه.ت
601100,فيزياء عامة للعلوم الطبية (عملي),عملي,الاثنين / السبت,8:00 AM,10:00 AM,7004,1,حمزة مشلوط
601100,فيزياء عامة للعلوم الطبية (عملي),عملي,الاثنين / السبت,10:00 AM,12:00 PM,7004,2,حمزة مشلوط
601100,فيزياء عامة للعلوم الطبية (عملي),عملي,الاثنين / السبت,12:00 PM,2:00 PM,7004,3,حمزة مشلوط
601100,فيزياء عامة للعلوم الطبية (عملي),عملي,الاثنين / السبت,2:00 PM,4:00 PM,7004,4,حمزة مشلوط
601100,فيزياء عامة للعلوم الطبية (عملي),عملي,الأحد / الثلاثاء,12:00 PM,2:00 PM,7004,5,نائلة ابراهيم الامام
601100,فيزياء عامة للعلوم الطبية (عملي),عملي,الأحد / الثلاثاء,2:00 PM,4:00 PM,7004,6,نائلة ابراهيم الامام
601110,فيزياء عامة للعلوم الطبية (طب),نظري,الاثنين,8:00 AM,12:00 PM,4012,1,د. رغد زين
602103,كيمياء عامة للعلوم الطبية (طب),نظري,الاثنين,8:00 AM,12:00 PM,7007B,1,د. منيب شهدا
602105,كيمياء عامة للعلوم الطبية (عملي),عملي,الأحد,8:00 AM,12:00 PM,7220,1,ه.ت
602105,كيمياء عامة للعلوم الطبية (عملي),عملي,الأحد,12:00 PM,4:00 PM,7220,2,ه.ت
701111,علم الوراثة,نظري,السبت,8:00 AM,10:00 AM,6129,1,د. لبنى مقراني
701113,علم وظائف الأعضاء,نظري,السبت,12:00 PM,4:00 PM,6120,1,د. أمل الضاهر
701122,تشريح ورسم الأسنان,نظري,الثلاثاء,8:00 AM,12:00 PM,6128,1,د. أنس عبده
701122,تشريح ورسم الأسنان,عملي,الأحد,8:00 AM,12:00 PM,مخبر7,1,ه.ت
701122,تشريح ورسم الأسنان,عملي,الأحد,12:00 PM,4:00 PM,مخبر7,2,ه.ت
701212,كيمياء حيوية (2),نظري,الاثنين,8:00 AM,10:00 AM,7120,1,د. راما عياش
701212,كيمياء حيوية (2),عملي,الأحد,8:00 AM,12:00 PM,7227م,1,ه.ت
701212,كيمياء حيوية (2),عملي,الأحد,12:00 PM,4:00 PM,7227م,2,ه.ت
701221,التشريح العام,عملي,الأحد,12:00 PM,4:00 PM,مخبر5,1,ه.ت
701221,التشريح العام,نظري,الأحد,8:00 AM,12:00 PM,6118,1,د.محمد المقداد
701221,التشريح العام,عملي,الاثنين,12:00 PM,4:00 PM,مخبر5,2,ه.ت
701241,علم الجنين الخاص بالفم و الأسنان,نظري,الأحد,12:00 PM,2:00 PM,6118,1,د.محمد المقداد
701251,علم النسج (1),نظري,الثلاثاء,8:00 AM,12:00 PM,6121,1,د. رولا عز الدين
701251,علم النسج (1),عملي,الاثنين,8:00 AM,12:00 PM,مخبر1,1,ه.ت
701251,علم النسج (1),عملي,الاثنين,12:00 PM,4:00 PM,مخبر1,2,ه.ت
701261,علم الأدوية الخاص بالفم و الأسنان,نظري,الأحد / الثلاثاء,8:00 AM,10:00 AM,7124-7120,1,د. باسمة عرابي
701272,علم النسج الفموي (2),عملي,الأحد,8:00 AM,12:00 PM,مخبر1,1,ه.ت
701272,علم النسج الفموي (2),نظري,الثلاثاء,12:00 PM,4:00 PM,6121,2,د. رولا عز الدين
701272,علم النسج الفموي (2),عملي,الأحد,8:00 AM,12:00 PM,مخبر2,2,ه.ت
701281,علم الأحياء الدقيقة,نظري,الثلاثاء,8:00 AM,12:00 PM,7011,1,د. خليل محمد القوتلي
701281,علم الأحياء الدقيقة,عملي,السبت,8:00 AM,12:00 PM,7215,1,ه.ت
701281,علم الأحياء الدقيقة,عملي,السبت,12:00 PM,4:00 PM,7215,2,ه.ت
701291,الاحصاء الطبي,نظري,السبت,2:00 PM,4:00 PM,6130,1,د. حيدر عباس
701351,التشريح المرضي العام,نظري,الأحد,8:00 AM,12:00 PM,6120,1,د. أحمد منديلي
701351,التشريح المرضي العام,عملي,الثلاثاء,8:00 AM,12:00 PM,مخبر1,1,ه.ت
701351,التشريح المرضي العام,عملي,الثلاثاء,12:00 PM,4:00 PM,مخبر1,2,ه.ت
701352,التشريح المرضي الخاص بالفم و الأسنان(1),عملي,الأحد,12:00 PM,4:00 PM,مخبر2,1,ه.ت
701352,التشريح المرضي الخاص بالفم و الأسنان(1),نظري,السبت,12:00 PM,4:00 PM,6125,1,د. اميره النور
701352,التشريح المرضي الخاص بالفم و الأسنان(1),عملي,الأحد,3:00 PM,4:00 PM,مخبر1,2,ه.ت
701371,مكافحة العدوى,نظري,الثلاثاء,10:00 AM,12:00 PM,6127,1,د.عبير احمد
701452,التشريح المرضي الخاص بالفم و الأسنان (2),نظري,الأحد,12:00 PM,4:00 PM,6120,1,د. أحمد منديلي
701452,التشريح المرضي الخاص بالفم و الأسنان (2),عملي,السبت,8:00 AM,12:00 PM,مخبر1,1,ه.ت
701452,التشريح المرضي الخاص بالفم و الأسنان (2),عملي,السبت,12:00 PM,4:00 PM,مخبر1,2,ه.ت
701575,طب الأسنان الشيخوخي,نظري,الاثنين,12:00 PM,2:00 PM,6022,1,د . سوسن طاهر
702221,طب المجتمع و طب الأسنان الشرعي,نظري,الاثنين,10:00 AM,2:00 PM,6121,1,د. أحمد منديلي
702301,الأمراض الجلدية و أمراض العين و الأذن و الأنف و الحنجرة,نظري,السبت,8:00 AM,12:00 PM,6118,1,د. جورجس داوود
702311,الطب الداخلي لطلبة طب الأسنان,نظري,السبت,8:00 AM,12:00 PM,6130,1,د. عبير قدار
703311,الجراحة العامة لطلبة طب الأسنان,نظري,الثلاثاء,8:00 AM,12:00 PM,6120,1,د.محمد يحيى محمد رئيف حمادة الخياط
703311,الجراحة العامة لطلبة طب الأسنان,عملي,الأحد,8:00 AM,12:00 PM,مخبر5,1,ه.ت
703311,الجراحة العامة لطلبة طب الأسنان,عملي,الاثنين,8:00 AM,12:00 PM,مخبر5,2,ه.ت
